dia,sistema_id,nome,volume_porcentagem_ar,volume_porcentagem,volume_variacao_str,volume_variacao_num,volume_operacional,image_prec_dia,prec_dia,prec_mensal,prec_hist,link_grafico,link_informacoes,indicador_volume_dia,indicador_volume,circle_image,link_tempo
2020-07-30,0,Cantareira,"52,5",52.45845,"-0,1",-0.1,515.17978,prec_icon.png,"2,0","6,9","47,7",NA,NA,0,2,NA,NA
2020-07-30,1,Alto Tietê,"68,1",68.08712,"-0,2",-0.2,381.49849,prec_icon.png,"4,3","11,8","47,9",NA,NA,0,2,NA,NA
2020-07-30,2,Guarapiranga,"53,0",53.00053,"-0,1",-0.1,90.73242,prec_icon.png,"5,0","6,0","41,9",NA,NA,0,2,NA,NA
2020-07-30,3,Cotia,"82,4",82.40201,"0,0",0,13.59396,prec_icon.png,"8,0","12,2","52,1",NA,NA,0,2,NA,NA
2020-07-30,4,Rio Grande,"71,9",71.86911,"0,2",0.2,80.62443,prec_icon.png,"9,0","14,0","55,2",NA,NA,0,2,NA,NA
2020-07-30,5,Rio Claro,"59,9",59.85896,"2,3",2.3,8.18086,prec_icon.png,"26,2","48,0","92,1",NA,NA,0,2,NA,NA
2020-07-30,17,São Lourenço,"77,5",77.50055,"-0,5",-0.5,68.83698,prec_icon.png,"16,0","35,8","77,7",NA,NA,0,2,NA,NA
2020-07-29,0,Cantareira,"52,6",52.59392,"-0,1",-0.1,516.51016,prec_sun_icon.png,"0,0","4,9","47,7",NA,NA,0,2,NA,NA
2020-07-29,1,Alto Tietê,"68,3",68.30843,"-0,2",-0.2,382.73852,prec_sun_icon.png,"0,0","7,5","47,9",NA,NA,0,2,NA,NA
2020-07-29,2,Guarapiranga,"53,1",53.08196,"-0,3",-0.3,90.87181,prec_sun_icon.png,"0,0","1,0","41,9",NA,NA,0,2,NA,NA
2020-07-29,3,Cotia,"82,4",82.40201,"-0,4",-0.4,13.59396,prec_icon.png,"0,2","4,2","52,1",NA,NA,0,2,NA,NA
2020-07-29,4,Rio Grande,"71,7",71.72948,"-0,3",-0.3,80.46779,prec_icon.png,"0,6","5,0","55,2",NA,NA,0,2,NA,NA
2020-07-29,5,Rio Claro,"57,6",57.61754,"-0,2",-0.2,7.87453,prec_icon.png,"5,0","21,8","92,1",NA,NA,0,2,NA,NA
2020-07-29,17,São Lourenço,"78,0",77.95479,"-0,8",-0.8,69.24044,prec_icon.png,"0,6","19,8","77,7",NA,NA,0,2,NA,NA
2020-07-28,0,Cantareira,"52,7",52.74818,"-0,2",-0.2,518.02515,prec_sun_icon.png,"0,0","4,9","47,7",NA,NA,0,2,NA,NA
2020-07-28,1,Alto Tietê,"68,5",68.53442,"-0,3",-0.3,384.00477,prec_icon.png,"0,1","7,5","47,9",NA,NA,0,2,NA,NA
2020-07-28,2,Guarapiranga,"53,4",53.40806,"-0,4",-0.4,91.43007,prec_sun_icon.png,"0,0","1,0","41,9",NA,NA,0,2,NA,NA
2020-07-28,3,Cotia,"82,8",82.80762,"-0,4",-0.4,13.66088,prec_sun_icon.png,"0,0","4,0","52,1",NA,NA,0,2,NA,NA
2020-07-28,4,Rio Grande,"72,0",72.00889,"-0,3",-0.3,80.78124,prec_sun_icon.png,"0,0","4,4","55,2",NA,NA,0,2,NA,NA
2020-07-28,5,Rio Claro,"57,8",57.80995,"-0,6",-0.6,7.90083,prec_sun_icon.png,"0,0","16,8","92,1",NA,NA,0,2,NA,NA
2020-07-28,17,São Lourenço,"78,8",78.75237,"-0,8",-0.8,69.94886,prec_sun_icon.png,"0,0","19,2","77,7",NA,NA,0,2,NA,NA
2020-07-27,0,Cantareira,"52,9",52.90446,"-0,2",-0.2,519.55991,prec_sun_icon.png,"0,0","4,9","47,7",NA,NA,0,2,NA,NA
2020-07-27,1,Alto Tietê,"68,8",68.77501,"-0,2",-0.2,385.35279,prec_sun_icon.png,"0,0","7,4","47,9",NA,NA,0,2,NA,NA
2020-07-27,2,Guarapiranga,"53,8",53.81658,"-0,4",-0.4,92.12942,prec_sun_icon.png,"0,0","1,0","41,9",NA,NA,0,2,NA,NA
2020-07-27,3,Cotia,"83,2",83.21439,"-0,4",-0.4,13.72798,prec_sun_icon.png,"0,0","4,0","52,1",NA,NA,0,2,NA,NA
2020-07-27,4,Rio Grande,"72,3",72.28893,"-0,2",-0.2,81.0954,prec_icon.png,"0,2","4,4","55,2",NA,NA,0,2,NA,NA
2020-07-27,5,Rio Claro,"58,4",58.39001,"-0,7",-0.7,7.9801,prec_icon.png,"0,4","16,8","92,1",NA,NA,0,2,NA,NA
2020-07-27,17,São Lourenço,"79,6",79.55335,"-0,5",-0.5,70.6603,prec_sun_icon.png,"0,0","19,2","77,7",NA,NA,0,2,NA,NA
2020-07-26,0,Cantareira,"53,1",53.05112,"-0,1",-0.1,521.00016,prec_sun_icon.png,"0,0","4,9","47,7",NA,NA,0,2,NA,NA
2020-07-26,1,Alto Tietê,"69,0",69.01202,"-0,3",-0.3,386.68079,prec_sun_icon.png,"0,0","7,4","47,9",NA,NA,0,2,NA,NA
2020-07-26,2,Guarapiranga,"54,2",54.22607,"-0,3",-0.3,92.83043,prec_sun_icon.png,"0,0","1,0","41,9",NA,NA,0,2,NA,NA
2020-07-26,3,Cotia,"83,6",83.62232,"-0,2",-0.2,13.79528,prec_sun_icon.png,"0,0","4,0","52,1",NA,NA,0,2,NA,NA
2020-07-26,4,Rio Grande,"72,5",72.51341,"-0,4",-0.4,81.34723,prec_icon.png,"0,2","4,2","55,2",NA,NA,0,2,NA,NA
2020-07-26,5,Rio Claro,"59,1",59.07217,"-0,7",-0.7,8.07333,prec_icon.png,"2,8","16,4","92,1",NA,NA,0,2,NA,NA
2020-07-26,17,São Lourenço,"80,1",80.12759,"-0,8",-0.8,71.17035,prec_icon.png,"0,2","19,2","77,7",NA,NA,0,2,NA,NA
2020-07-25,0,Cantareira,"53,2",53.21885,"-0,2",-0.2,522.64739,prec_sun_icon.png,"0,0","4,9","47,7",NA,NA,0,2,NA,NA
2020-07-25,1,Alto Tietê,"69,3",69.2739,"-0,2",-0.2,388.14815,prec_sun_icon.png,"0,0","7,4","47,9",NA,NA,0,2,NA,NA
2020-07-25,2,Guarapiranga,"54,5",54.4996,"-0,4",-0.4,93.2987,prec_icon.png,"0,2","1,0","41,9",NA,NA,0,2,NA,NA
2020-07-25,3,Cotia,"83,8",83.82672,"-0,4",-0.4,13.829,prec_icon.png,"0,2","4,0","52,1",NA,NA,0,2,NA,NA
2020-07-25,4,Rio Grande,"72,9",72.85089,"-0,1",-0.1,81.72582,prec_sun_icon.png,"0,0","4,0","55,2",NA,NA,0,2,NA,NA
2020-07-25,5,Rio Claro,"59,8",59.76019,"-0,7",-0.7,8.16737,prec_icon.png,"0,2","13,6","92,1",NA,NA,0,2,NA,NA
2020-07-25,17,São Lourenço,"80,9",80.93447,"-1,0",-1,71.88703,prec_sun_icon.png,"0,0","19,0","77,7",NA,NA,0,2,NA,NA
2020-07-24,0,Cantareira,"53,4",53.38562,"-0,2",-0.2,524.28525,prec_sun_icon.png,"0,0","4,9","47,7",NA,NA,0,2,NA,NA
2020-07-24,1,Alto Tietê,"69,5",69.52993,"-0,3",-0.3,389.58268,prec_icon.png,"0,1","7,4","47,9",NA,NA,0,2,NA,NA
2020-07-24,2,Guarapiranga,"54,9",54.91071,"-0,4",-0.4,94.00247,prec_sun_icon.png,"0,0","0,8","41,9",NA,NA,0,2,NA,NA
2020-07-24,3,Cotia,"84,2",84.23641,"-0,4",-0.4,13.89659,prec_icon.png,"0,2","3,8","52,1",NA,NA,0,2,NA,NA
2020-07-24,4,Rio Grande,"73,0",72.99178,"-0,3",-0.3,81.88386,prec_icon.png,"0,2","4,0","55,2",NA,NA,0,2,NA,NA
2020-07-24,5,Rio Claro,"60,5",60.45411,"-0,8",-0.8,8.2622,prec_icon.png,"0,2","13,4","92,1",NA,NA,0,2,NA,NA
2020-07-24,17,São Lourenço,"81,9",81.8609,"-0,9",-0.9,72.7099,prec_icon.png,"0,2","19,0","77,7",NA,NA,0,2,NA,NA
2020-07-23,0,Cantareira,"53,6",53.56606,"-0,1",-0.1,526.05726,prec_sun_icon.png,"0,0","4,9","47,7",NA,NA,0,2,NA,NA
2020-07-23,1,Alto Tietê,"69,8",69.78389,"-0,2",-0.2,391.00566,prec_sun_icon.png,"0,0","7,3","47,9",NA,NA,0,2,NA,NA
2020-07-23,2,Guarapiranga,"55,3",55.32277,"-0,3",-0.3,94.70789,prec_icon.png,"0,2","0,8","41,9",NA,NA,0,2,NA,NA
2020-07-23,3,Cotia,"84,6",84.64725,"-0,3",-0.3,13.96436,prec_sun_icon.png,"0,0","3,6","52,1",NA,NA,0,2,NA,NA
2020-07-23,4,Rio Grande,"73,3",73.27402,"-0,3",-0.3,82.20049,prec_icon.png,"0,4","3,8","55,2",NA,NA,0,2,NA,NA
2020-07-23,5,Rio Claro,"61,3",61.25442,"-0,7",-0.7,8.37158,prec_icon.png,"0,2","13,2","92,1",NA,NA,0,2,NA,NA
2020-07-23,17,São Lourenço,"82,8",82.79192,"-0,8",-0.8,73.53684,prec_sun_icon.png,"0,0","18,8","77,7",NA,NA,0,2,NA,NA
2020-07-22,0,Cantareira,"53,7",53.71812,"-0,2",-0.2,527.55061,prec_sun_icon.png,"0,0","4,9","47,7",NA,NA,0,2,NA,NA
2020-07-22,1,Alto Tietê,"70,0",70.01078,"-0,2",-0.2,392.27695,prec_icon.png,"0,2","7,3","47,9",NA,NA,0,2,NA,NA
2020-07-22,2,Guarapiranga,"55,6",55.59801,"-0,3",-0.3,95.17907,prec_sun_icon.png,"0,0","0,6","41,9",NA,NA,0,2,NA,NA
2020-07-22,3,Cotia,"84,9",84.85312,"-0,4",-0.4,13.99833,prec_icon.png,"0,2","3,6","52,1",NA,NA,0,2,NA,NA
2020-07-22,4,Rio Grande,"73,6",73.55689,"-0,1",-0.1,82.51782,prec_sun_icon.png,"0,0","3,4","55,2",NA,NA,0,2,NA,NA
2020-07-22,5,Rio Claro,"62,0",61.96108,"-0,6",-0.6,8.46816,prec_icon.png,"0,2","13,0","92,1",NA,NA,0,2,NA,NA
2020-07-22,17,São Lourenço,"83,6",83.61035,"-1,5",-1.5,74.26379,prec_sun_icon.png,"0,0","18,8","77,7",NA,NA,0,2,NA,NA
2020-07-21,0,Cantareira,"53,9",53.85259,"-0,1",-0.1,528.87121,prec_sun_icon.png,"0,0","4,9","47,7",NA,NA,0,2,NA,NA
2020-07-21,1,Alto Tietê,"70,2",70.22846,"-0,2",-0.2,393.49665,prec_icon.png,"0,2","7,1","47,9",NA,NA,0,2,NA,NA
2020-07-21,2,Guarapiranga,"55,9",55.87367,"-0,4",-0.4,95.65097,prec_sun_icon.png,"0,0","0,6","41,9",NA,NA,0,2,NA,NA
2020-07-21,3,Cotia,"85,3",85.26572,"-0,2",-0.2,14.06639,prec_sun_icon.png,"0,0","3,4","52,1",NA,NA,0,2,NA,NA
2020-07-21,4,Rio Grande,"73,7",73.69856,"-0,3",-0.3,82.67675,prec_icon.png,"0,2","3,4","55,2",NA,NA,0,2,NA,NA
2020-07-21,5,Rio Claro,"62,6",62.57156,"-0,7",-0.7,8.55159,prec_icon.png,"0,2","12,8","92,1",NA,NA,0,2,NA,NA
2020-07-21,17,São Lourenço,"85,1",85.13982,"-1,0",-1,75.62228,prec_icon.png,"0,2","18,8","77,7",NA,NA,0,2,NA,NA
2020-07-20,0,Cantareira,"54,0",54.01002,"-0,1",-0.1,530.41724,prec_icon.png,"0,2","4,9","47,7",NA,NA,0,2,NA,NA
2020-07-20,1,Alto Tietê,"70,4",70.42012,"-0,2",-0.2,394.57053,prec_icon.png,"0,2","6,9","47,9",NA,NA,0,2,NA,NA
2020-07-20,2,Guarapiranga,"56,3",56.28794,"-0,3",-0.3,96.36017,prec_icon.png,"0,2","0,6","41,9",NA,NA,0,2,NA,NA
2020-07-20,3,Cotia,"85,5",85.47246,"-0,4",-0.4,14.1005,prec_icon.png,"0,2","3,4","52,1",NA,NA,0,2,NA,NA
2020-07-20,4,Rio Grande,"74,0",73.98237,"-0,3",-0.3,82.99514,prec_icon.png,"0,2","3,2","55,2",NA,NA,0,2,NA,NA
2020-07-20,5,Rio Claro,"63,3",63.28937,"-0,6",-0.6,8.6497,prec_icon.png,"0,2","12,6","92,1",NA,NA,0,2,NA,NA
2020-07-20,17,São Lourenço,"86,1",86.08724,"-0,7",-0.7,76.46378,prec_sun_icon.png,"0,0","18,6","77,7",NA,NA,0,2,NA,NA
2020-07-19,0,Cantareira,"54,1",54.13904,"-0,2",-0.2,531.68434,prec_icon.png,"0,1","4,7","47,7",NA,NA,0,2,NA,NA
2020-07-19,1,Alto Tietê,"70,6",70.62172,"-0,2",-0.2,395.70009,prec_icon.png,"0,2","6,7","47,9",NA,NA,0,2,NA,NA
2020-07-19,2,Guarapiranga,"56,6",56.56464,"-0,4",-0.4,96.83386,prec_icon.png,"0,2","0,4","41,9",NA,NA,0,2,NA,NA
2020-07-19,3,Cotia,"85,9",85.88682,"-0,2",-0.2,14.16886,prec_icon.png,"0,2","3,2","52,1",NA,NA,0,2,NA,NA
2020-07-19,4,Rio Grande,"74,3",74.26682,"-0,1",-0.1,83.31424,prec_icon.png,"0,2","3,0","55,2",NA,NA,0,2,NA,NA
2020-07-19,5,Rio Claro,"63,9",63.90946,"-0,7",-0.7,8.73444,prec_icon.png,"0,2","12,4","92,1",NA,NA,0,2,NA,NA
2020-07-19,17,São Lourenço,"86,8",86.80093,"-0,8",-0.8,77.0977,prec_sun_icon.png,"0,0","18,6","77,7",NA,NA,0,2,NA,NA
2020-07-18,0,Cantareira,"54,3",54.28395,"-0,1",-0.1,533.10748,prec_icon.png,"0,1","4,6","47,7",NA,NA,0,2,NA,NA
2020-07-18,1,Alto Tietê,"70,8",70.80341,"-0,2",-0.2,396.71814,prec_icon.png,"0,1","6,5","47,9",NA,NA,0,2,NA,NA
2020-07-18,2,Guarapiranga,"57,0",56.98047,"-0,3",-0.3,97.54573,prec_sun_icon.png,"0,0","0,2","41,9",NA,NA,0,2,NA,NA
2020-07-18,3,Cotia,"86,1",86.09444,"-0,4",-0.4,14.20311,prec_icon.png,"0,2","3,0","52,1",NA,NA,0,2,NA,NA
2020-07-18,4,Rio Grande,"74,4",74.40928,"-0,3",-0.3,83.47406,prec_icon.png,"0,2","2,8","55,2",NA,NA,0,2,NA,NA
2020-07-18,5,Rio Claro,"64,6",64.63853,"-0,6",-0.6,8.83408,prec_icon.png,"0,2","12,2","92,1",NA,NA,0,2,NA,NA
2020-07-18,17,São Lourenço,"87,6",87.637,"-0,5",-0.5,77.84031,prec_sun_icon.png,"0,0","18,6","77,7",NA,NA,0,2,NA,NA
2020-07-17,0,Cantareira,"54,4",54.41091,"-0,1",-0.1,534.35427,prec_sun_icon.png,"0,0","4,5","47,7",NA,NA,0,2,NA,NA
2020-07-17,1,Alto Tietê,"71,0",70.98035,"-0,2",-0.2,397.70952,prec_sun_icon.png,"0,0","6,4","47,9",NA,NA,0,2,NA,NA
2020-07-17,2,Guarapiranga,"57,3",57.2582,"-0,2",-0.2,98.02118,prec_sun_icon.png,"0,0","0,2","41,9",NA,NA,0,2,NA,NA
2020-07-17,3,Cotia,"86,5",86.51055,"-0,2",-0.2,14.27176,prec_sun_icon.png,"0,0","2,8","52,1",NA,NA,0,2,NA,NA
2020-07-17,4,Rio Grande,"74,7",74.69468,"-0,1",-0.1,83.79422,prec_sun_icon.png,"0,0","2,6","55,2",NA,NA,0,2,NA,NA
2020-07-17,5,Rio Claro,"65,2",65.16304,"-0,7",-0.7,8.90577,prec_icon.png,"0,2","12,0","92,1",NA,NA,0,2,NA,NA
2020-07-17,17,São Lourenço,"88,1",88.11642,"-0,5",-0.5,78.26613,prec_sun_icon.png,"0,0","18,6","77,7",NA,NA,0,2,NA,NA
2020-07-16,0,Cantareira,"54,5",54.51793,"-0,1",-0.1,535.40528,prec_sun_icon.png,"0,0","4,5","47,7",NA,NA,0,2,NA,NA
2020-07-16,1,Alto Tietê,"71,2",71.15012,"-0,1",-0.1,398.66078,prec_sun_icon.png,"0,0","6,4","47,9",NA,NA,0,2,NA,NA
2020-07-16,2,Guarapiranga,"57,5",57.53634,"-0,5",-0.5,98.49733,prec_sun_icon.png,"0,0","0,2","41,9",NA,NA,0,2,NA,NA
2020-07-16,3,Cotia,"86,7",86.71905,"-0,2",-0.2,14.30615,prec_sun_icon.png,"0,0","2,8","52,1",NA,NA,0,2,NA,NA
2020-07-16,4,Rio Grande,"74,8",74.83762,"-0,2",-0.2,83.95457,prec_sun_icon.png,"0,0","2,6","55,2",NA,NA,0,2,NA,NA
2020-07-16,5,Rio Claro,"65,9",65.9026,"-0,4",-0.4,9.00684,prec_sun_icon.png,"0,0","11,8","92,1",NA,NA,0,2,NA,NA
2020-07-16,17,São Lourenço,"88,6",88.59706,"-0,5",-0.5,78.69304,prec_icon.png,"0,2","18,6","77,7",NA,NA,0,2,NA,NA
2020-07-15,0,Cantareira,"54,6",54.63164,"-0,2",-0.2,536.52206,prec_sun_icon.png,"0,0","4,5","47,7",NA,NA,0,2,NA,NA
2020-07-15,1,Alto Tietê,"71,3",71.30864,"-0,2",-0.2,399.549,prec_icon.png,"0,2","6,4","47,9",NA,NA,0,2,NA,NA
2020-07-15,2,Guarapiranga,"58,0",57.95431,"-0,4",-0.4,99.21287,prec_sun_icon.png,"0,0","0,2","41,9",NA,NA,0,2,NA,NA
2020-07-15,3,Cotia,"86,9",86.92785,"-0,4",-0.4,14.3406,prec_icon.png,"0,2","2,8","52,1",NA,NA,0,2,NA,NA
2020-07-15,4,Rio Grande,"75,0",74.98072,"-0,3",-0.3,84.1151,prec_icon.png,"0,4","2,6","55,2",NA,NA,0,2,NA,NA
2020-07-15,5,Rio Claro,"66,3",66.32798,"0,0",0,9.06498,prec_icon.png,"6,0","11,8","92,1",NA,NA,0,2,NA,NA
2020-07-15,17,São Lourenço,"89,1",89.07892,"-0,3",-0.3,79.12104,prec_icon.png,"1,0","18,4","77,7",NA,NA,0,2,NA,NA
2020-07-14,0,Cantareira,"54,8",54.75882,"-0,1",-0.1,537.77108,prec_sun_icon.png,"0,0","4,5","47,7",NA,NA,0,2,NA,NA
2020-07-14,1,Alto Tietê,"71,5",71.50987,"-0,2",-0.2,400.67649,prec_sun_icon.png,"0,0","6,2","47,9",NA,NA,0,2,NA,NA
2020-07-14,2,Guarapiranga,"58,4",58.37319,"-0,3",-0.3,99.92995,prec_sun_icon.png,"0,0","0,2","41,9",NA,NA,0,2,NA,NA
2020-07-14,3,Cotia,"87,3",87.34632,"-0,3",-0.3,14.40963,prec_sun_icon.png,"0,0","2,6","52,1",NA,NA,0,2,NA,NA
2020-07-14,4,Rio Grande,"75,3",75.26738,"-0,1",-0.1,84.43669,prec_icon.png,"1,8","2,2","55,2",NA,NA,0,2,NA,NA
2020-07-14,5,Rio Claro,"66,3",66.32798,"-0,7",-0.7,9.06498,prec_icon.png,"3,4","5,8","92,1",NA,NA,0,2,NA,NA
2020-07-14,17,São Lourenço,"89,4",89.44112,"-0,5",-0.5,79.44275,prec_icon.png,"2,8","17,4","77,7",NA,NA,0,2,NA,NA
2020-07-13,0,Cantareira,"54,9",54.8658,"-0,1",-0.1,538.8217,prec_sun_icon.png,"0,0","4,5","47,7",NA,NA,0,2,NA,NA
2020-07-13,1,Alto Tietê,"71,7",71.65678,"-0,2",-0.2,401.49966,prec_icon.png,"0,2","6,2","47,9",NA,NA,0,2,NA,NA
2020-07-13,2,Guarapiranga,"58,7",58.65295,"-0,2",-0.2,100.40887,prec_sun_icon.png,"0,0","0,2","41,9",NA,NA,0,2,NA,NA
2020-07-13,3,Cotia,"87,6",87.55599,"-0,2",-0.2,14.44422,prec_sun_icon.png,"0,0","2,6","52,1",NA,NA,0,2,NA,NA
2020-07-13,4,Rio Grande,"75,4",75.41096,"-0,2",-0.2,84.59776,prec_sun_icon.png,"0,0","0,4","55,2",NA,NA,0,2,NA,NA
2020-07-13,5,Rio Claro,"67,0",66.96982,"-0,6",-0.6,9.1527,prec_sun_icon.png,"0,0","2,4","92,1",NA,NA,0,2,NA,NA
2020-07-13,17,São Lourenço,"89,9",89.92514,"-0,8",-0.8,79.87266,prec_sun_icon.png,"0,0","14,6","77,7",NA,NA,0,2,NA,NA
2020-07-12,0,Cantareira,"55,0",54.98655,"-0,1",-0.1,540.00756,prec_icon.png,"0,1","4,5","47,7",NA,NA,0,2,NA,NA
2020-07-12,1,Alto Tietê,"71,9",71.86296,"-0,2",-0.2,402.65487,prec_icon.png,"0,1","6,0","47,9",NA,NA,0,2,NA,NA
2020-07-12,2,Guarapiranga,"58,9",58.9331,"-0,5",-0.5,100.88847,prec_sun_icon.png,"0,0","0,2","41,9",NA,NA,0,2,NA,NA
2020-07-12,3,Cotia,"87,8",87.76597,"-0,4",-0.4,14.47886,prec_sun_icon.png,"0,0","2,6","52,1",NA,NA,0,2,NA,NA
2020-07-12,4,Rio Grande,"75,6",75.55469,"-0,2",-0.2,84.759,prec_sun_icon.png,"0,0","0,4","55,2",NA,NA,0,2,NA,NA
2020-07-12,5,Rio Claro,"67,6",67.61622,"-0,8",-0.8,9.24104,prec_icon.png,"0,2","2,4","92,1",NA,NA,0,2,NA,NA
2020-07-12,17,São Lourenço,"90,7",90.65348,"-0,6",-0.6,80.51958,prec_sun_icon.png,"0,0","14,6","77,7",NA,NA,0,2,NA,NA
2020-07-11,0,Cantareira,"55,1",55.10299,"-0,1",-0.1,541.15105,prec_icon.png,"0,1","4,4","47,7",NA,NA,0,2,NA,NA
2020-07-11,1,Alto Tietê,"72,1",72.08723,"-0,2",-0.2,403.91148,prec_icon.png,"0,2","5,9","47,9",NA,NA,0,2,NA,NA
2020-07-11,2,Guarapiranga,"59,4",59.35407,"-0,2",-0.2,101.60913,prec_sun_icon.png,"0,0","0,2","41,9",NA,NA,0,2,NA,NA
2020-07-11,3,Cotia,"88,2",88.18679,"-0,2",-0.2,14.54829,prec_sun_icon.png,"0,0","2,6","52,1",NA,NA,0,2,NA,NA
2020-07-11,4,Rio Grande,"75,8",75.84263,"-0,3",-0.3,85.08202,prec_sun_icon.png,"0,0","0,4","55,2",NA,NA,0,2,NA,NA
2020-07-11,5,Rio Claro,"68,4",68.37615,"-0,7",-0.7,9.3449,prec_icon.png,"0,4","2,2","92,1",NA,NA,0,2,NA,NA
2020-07-11,17,São Lourenço,"91,3",91.26257,"-0,6",-0.6,81.06058,prec_sun_icon.png,"0,0","14,6","77,7",NA,NA,0,2,NA,NA
2020-07-10,0,Cantareira,"55,2",55.21157,"-0,1",-0.1,542.21735,prec_icon.png,"0,4","4,3","47,7",NA,NA,0,2,NA,NA
2020-07-10,1,Alto Tietê,"72,3",72.31893,"-0,3",-0.3,405.2097,prec_icon.png,"0,3","5,7","47,9",NA,NA,0,2,NA,NA
2020-07-10,2,Guarapiranga,"59,6",59.63521,"-0,5",-0.5,102.09041,prec_sun_icon.png,"0,0","0,2","41,9",NA,NA,0,2,NA,NA
2020-07-10,3,Cotia,"88,4",88.39765,"-0,4",-0.4,14.58307,prec_sun_icon.png,"0,0","2,6","52,1",NA,NA,0,2,NA,NA
2020-07-10,4,Rio Grande,"76,1",76.13121,"-0,2",-0.2,85.40575,prec_sun_icon.png,"0,0","0,4","55,2",NA,NA,0,2,NA,NA
2020-07-10,5,Rio Claro,"69,1",69.12036,"-0,8",-0.8,9.44661,prec_icon.png,"0,8","1,8","92,1",NA,NA,0,2,NA,NA
2020-07-10,17,São Lourenço,"91,9",91.87362,"-0,6",-0.6,81.60332,prec_sun_icon.png,"0,0","14,6","77,7",NA,NA,0,2,NA,NA
2020-07-09,0,Cantareira,"55,3",55.34043,"-0,2",-0.2,543.4829,prec_icon.png,"0,7","3,9","47,7",NA,NA,0,2,NA,NA
2020-07-09,1,Alto Tietê,"72,6",72.56176,"-0,1",-0.1,406.57031,prec_sun_icon.png,"0,0","5,4","47,9",NA,NA,0,2,NA,NA
2020-07-09,2,Guarapiranga,"60,1",60.05765,"-0,2",-0.2,102.81359,prec_sun_icon.png,"0,0","0,2","41,9",NA,NA,0,2,NA,NA
2020-07-09,3,Cotia,"88,8",88.82025,"-0,2",-0.2,14.65279,prec_sun_icon.png,"0,0","2,6","52,1",NA,NA,0,2,NA,NA
2020-07-09,4,Rio Grande,"76,3",76.27574,"-0,3",-0.3,85.56789,prec_sun_icon.png,"0,0","0,4","55,2",NA,NA,0,2,NA,NA
2020-07-09,5,Rio Claro,"69,9",69.91481,"-0,6",-0.6,9.55519,prec_sun_icon.png,"0,0","1,0","92,1",NA,NA,0,2,NA,NA
2020-07-09,17,São Lourenço,"92,5",92.48664,"-0,8",-0.8,82.14781,prec_sun_icon.png,"0,0","14,6","77,7",NA,NA,0,2,NA,NA
2020-07-08,0,Cantareira,"55,5",55.47567,"-0,1",-0.1,544.81098,prec_icon.png,"0,1","3,2","47,7",NA,NA,0,2,NA,NA
2020-07-08,1,Alto Tietê,"72,7",72.6838,"-0,2",-0.2,407.25414,prec_icon.png,"0,1","5,4","47,9",NA,NA,0,2,NA,NA
2020-07-08,2,Guarapiranga,"60,3",60.33976,"-0,5",-0.5,103.29654,prec_sun_icon.png,"0,0","0,2","41,9",NA,NA,0,2,NA,NA
2020-07-08,3,Cotia,"89,0",89.03199,"-0,2",-0.2,14.68772,prec_sun_icon.png,"0,0","2,6","52,1",NA,NA,0,2,NA,NA
2020-07-08,4,Rio Grande,"76,6",76.56528,"-0,1",-0.1,85.8927,prec_sun_icon.png,"0,0","0,4","55,2",NA,NA,0,2,NA,NA
2020-07-08,5,Rio Claro,"70,5",70.47046,"-0,8",-0.8,9.63113,prec_sun_icon.png,"0,0","1,0","92,1",NA,NA,0,2,NA,NA
2020-07-08,17,São Lourenço,"93,3",93.34818,"-0,5",-0.5,82.91305,prec_sun_icon.png,"0,0","14,6","77,7",NA,NA,0,2,NA,NA
2020-07-07,0,Cantareira,"55,6",55.5995,"-0,1",-0.1,546.02708,prec_sun_icon.png,"0,0","3,1","47,7",NA,NA,0,2,NA,NA
2020-07-07,1,Alto Tietê,"72,9",72.88816,"-0,2",-0.2,408.39917,prec_icon.png,"0,9","5,3","47,9",NA,NA,0,2,NA,NA
2020-07-07,2,Guarapiranga,"60,8",60.76364,"-0,2",-0.2,104.0222,prec_sun_icon.png,"0,0","0,2","41,9",NA,NA,0,2,NA,NA
2020-07-07,3,Cotia,"89,2",89.24403,"-0,3",-0.3,14.7227,prec_sun_icon.png,"0,0","2,6","52,1",NA,NA,0,2,NA,NA
2020-07-07,4,Rio Grande,"76,7",76.71029,"-0,3",-0.3,86.05538,prec_sun_icon.png,"0,0","0,4","55,2",NA,NA,0,2,NA,NA
2020-07-07,5,Rio Claro,"71,3",71.2538,"-0,6",-0.6,9.73819,prec_icon.png,"0,6","1,0","92,1",NA,NA,0,2,NA,NA
2020-07-07,17,São Lourenço,"93,8",93.84224,"-0,8",-0.8,83.35188,prec_sun_icon.png,"0,0","14,6","77,7",NA,NA,0,2,NA,NA
2020-07-06,0,Cantareira,"55,7",55.71755,"-0,1",-0.1,547.18644,prec_icon.png,"0,2","3,1","47,7",NA,NA,0,2,NA,NA
2020-07-06,1,Alto Tietê,"73,1",73.06162,"-0,1",-0.1,409.37109,prec_icon.png,"1,9","4,4","47,9",NA,NA,0,2,NA,NA
2020-07-06,2,Guarapiranga,"61,0",61.04671,"-0,2",-0.2,104.50679,prec_sun_icon.png,"0,0","0,2","41,9",NA,NA,0,2,NA,NA
2020-07-06,3,Cotia,"89,5",89.45636,"-0,2",-0.2,14.75773,prec_icon.png,"0,2","2,6","52,1",NA,NA,0,2,NA,NA
2020-07-06,4,Rio Grande,"77,0",77.00079,"-0,1",-0.1,86.38127,prec_sun_icon.png,"0,0","0,4","55,2",NA,NA,0,2,NA,NA
2020-07-06,5,Rio Claro,"71,9",71.9303,"-0,6",-0.6,9.83064,prec_icon.png,"0,2","0,4","92,1",NA,NA,0,2,NA,NA
2020-07-06,17,São Lourenço,"94,6",94.58574,"-0,5",-0.5,84.01226,prec_sun_icon.png,"0,0","14,6","77,7",NA,NA,0,2,NA,NA
2020-07-05,0,Cantareira,"55,8",55.82529,"-0,1",-0.1,548.24451,prec_icon.png,"0,1","2,9","47,7",NA,NA,0,2,NA,NA
2020-07-05,1,Alto Tietê,"73,2",73.22914,"-0,2",-0.2,410.30974,prec_icon.png,"0,7","2,5","47,9",NA,NA,0,2,NA,NA
2020-07-05,2,Guarapiranga,"61,2",61.18839,"-0,4",-0.4,104.74932,prec_sun_icon.png,"0,0","0,2","41,9",NA,NA,0,2,NA,NA
2020-07-05,3,Cotia,"89,7",89.66899,"-0,2",-0.2,14.79281,prec_sun_icon.png,"0,0","2,4","52,1",NA,NA,0,2,NA,NA
2020-07-05,4,Rio Grande,"77,1",77.14628,"-0,3",-0.3,86.54448,prec_sun_icon.png,"0,0","0,4","55,2",NA,NA,0,2,NA,NA
2020-07-05,5,Rio Claro,"72,5",72.49765,"-0,5",-0.5,9.90818,prec_sun_icon.png,"0,0","0,2","92,1",NA,NA,0,2,NA,NA
2020-07-05,17,São Lourenço,"95,1",95.08301,"-0,7",-0.7,84.45395,prec_sun_icon.png,"0,0","14,6","77,7",NA,NA,0,2,NA,NA
2020-07-04,0,Cantareira,"55,9",55.9297,"-0,1",-0.1,549.26996,prec_sun_icon.png,"0,0","2,8","47,7",NA,NA,0,2,NA,NA
2020-07-04,1,Alto Tietê,"73,4",73.44845,"-0,2",-0.2,411.53856,prec_icon.png,"0,3","1,8","47,9",NA,NA,0,2,NA,NA
2020-07-04,2,Guarapiranga,"61,6",61.61398,"-0,3",-0.3,105.47791,prec_sun_icon.png,"0,0","0,2","41,9",NA,NA,0,2,NA,NA
2020-07-04,3,Cotia,"89,9",89.88192,"-0,2",-0.2,14.82793,prec_sun_icon.png,"0,0","2,4","52,1",NA,NA,0,2,NA,NA
2020-07-04,4,Rio Grande,"77,4",77.43774,"-0,2",-0.2,86.87145,prec_sun_icon.png,"0,0","0,4","55,2",NA,NA,0,2,NA,NA
2020-07-04,5,Rio Claro,"73,0",72.95389,"-0,4",-0.4,9.97054,prec_sun_icon.png,"0,0","0,2","92,1",NA,NA,0,2,NA,NA
2020-07-04,17,São Lourenço,"95,8",95.83135,"-0,7",-0.7,85.11863,prec_sun_icon.png,"0,0","14,6","77,7",NA,NA,0,2,NA,NA
2020-07-03,0,Cantareira,"56,0",56.03605,"-0,1",-0.1,550.31432,prec_sun_icon.png,"0,0","2,8","47,7",NA,NA,0,2,NA,NA
2020-07-03,1,Alto Tietê,"73,6",73.64355,"-0,2",-0.2,412.6317,prec_icon.png,"0,4","1,5","47,9",NA,NA,0,2,NA,NA
2020-07-03,2,Guarapiranga,"61,9",61.89818,"-0,1",-0.1,105.96443,prec_sun_icon.png,"0,0","0,2","41,9",NA,NA,0,2,NA,NA
2020-07-03,3,Cotia,"90,1",90.09515,"-0,2",-0.2,14.86311,prec_sun_icon.png,"0,0","2,4","52,1",NA,NA,0,2,NA,NA
2020-07-03,4,Rio Grande,"77,6",77.58371,"-0,1",-0.1,87.03521,prec_sun_icon.png,"0,0","0,4","55,2",NA,NA,0,2,NA,NA
2020-07-03,5,Rio Claro,"73,4",73.41224,"-0,4",-0.4,10.03318,prec_icon.png,"0,2","0,2","92,1",NA,NA,0,2,NA,NA
2020-07-03,17,São Lourenço,"96,5",96.4572,"-0,3",-0.3,85.67451,prec_sun_icon.png,"0,0","14,6","77,7",NA,NA,0,2,NA,NA
2020-07-02,0,Cantareira,"56,1",56.13004,"-0,1",-0.1,551.23739,prec_icon.png,"2,6","2,8","47,7",NA,NA,0,2,NA,NA
2020-07-02,1,Alto Tietê,"73,8",73.78545,"0,0",0,413.42675,prec_icon.png,"0,3","1,1","47,9",NA,NA,0,2,NA,NA
2020-07-02,2,Guarapiranga,"62,0",62.04042,"-0,2",-0.2,106.20794,prec_sun_icon.png,"0,0","0,2","41,9",NA,NA,0,2,NA,NA
2020-07-02,3,Cotia,"90,3",90.30867,"-0,2",-0.2,14.89834,prec_sun_icon.png,"0,0","2,4","52,1",NA,NA,0,2,NA,NA
2020-07-02,4,Rio Grande,"77,7",77.72985,"-0,2",-0.2,87.19914,prec_sun_icon.png,"0,0","0,4","55,2",NA,NA,0,2,NA,NA
2020-07-02,5,Rio Claro,"73,8",73.75738,"-0,4",-0.4,10.08035,prec_sun_icon.png,"0,0","0,0","92,1",NA,NA,0,2,NA,NA
2020-07-02,17,São Lourenço,"96,8",96.83368,"-0,4",-0.4,86.00892,prec_sun_icon.png,"0,0","14,6","77,7",NA,NA,0,2,NA,NA
2020-07-01,0,Cantareira,"56,2",56.20344,"-0,1",-0.1,551.95824,prec_icon.png,"0,2","0,2","47,7",NA,NA,0,2,NA,NA
2020-07-01,1,Alto Tietê,"73,8",73.78797,"0,0",0,413.44088,prec_icon.png,"0,8","0,8","47,9",NA,NA,0,2,NA,NA
2020-07-01,2,Guarapiranga,"62,2",62.18275,"0,3",0.3,106.4516,prec_icon.png,"0,2","0,2","41,9",NA,NA,0,2,NA,NA
2020-07-01,3,Cotia,"90,5",90.52248,"-0,2",-0.2,14.93361,prec_icon.png,"2,4","2,4","52,1",NA,NA,0,2,NA,NA
2020-07-01,4,Rio Grande,"77,9",77.87614,"-0,3",-0.3,87.36326,prec_icon.png,"0,4","0,4","55,2",NA,NA,0,2,NA,NA
2020-07-01,5,Rio Claro,"74,2",74.21942,"-0,3",-0.3,10.14349,prec_sun_icon.png,"0,0","0,0","92,1",NA,NA,0,2,NA,NA
2020-07-01,17,São Lourenço,"97,2",97.21091,"0,2",0.2,86.34397,prec_icon.png,"14,6","14,6","77,7",NA,NA,0,2,NA,NA
2020-06-30,0,Cantareira,"56,3",56.3015,"-0,1",-0.1,552.92128,prec_icon.png,"0,3","75,3","63,4",NA,NA,0,2,NA,NA
2020-06-30,1,Alto Tietê,"73,8",73.78851,"0,1",0.1,413.44392,prec_icon.png,"0,9","79,6","56,1",NA,NA,0,2,NA,NA
2020-06-30,2,Guarapiranga,"61,9",61.89818,"0,4",0.4,105.96443,prec_icon.png,"0,2","75,0","53,7",NA,NA,0,2,NA,NA
2020-06-30,3,Cotia,"90,7",90.7366,"0,2",0.2,14.96893,prec_sun_icon.png,"0,0","87,6","59,3",NA,NA,0,2,NA,NA
2020-06-30,4,Rio Grande,"78,2",78.16921,"0,3",0.3,87.69203,prec_sun_icon.png,"0,0","87,8","61,2",NA,NA,0,2,NA,NA
2020-06-30,5,Rio Claro,"74,5",74.45123,"-0,1",-0.1,10.17518,prec_sun_icon.png,"0,0","81,8","98,5",NA,NA,0,2,NA,NA
2020-06-30,17,São Lourenço,"97,0",96.95934,"1,2",1.2,86.12053,prec_icon.png,"0,2","138,0","75,0",NA,NA,0,2,NA,NA
